Phoca_vitulina /data/share/htp/TRNP1/TRNP1_exon_promoter_resequencing/downl_genomes/Phoca_vitulina GCF_004348235.1_GSC_HSeal_1.0_genomic.fna.gz
Piliocolobus_tephrosceles /data/share/htp/TRNP1/TRNP1_exon_promoter_resequencing/downl_genomes/Piliocolobus_tephrosceles GCF_002776525.3_ASM277652v3_genomic.fna.gz
Theropithecus_gelada /data/share/htp/TRNP1/TRNP1_exon_promoter_resequencing/downl_genomes/Theropithecus_gelada GCF_003255815.1_Tgel_1.0_genomic.fna.gz
Lipotes_vexillifer /data/share/htp/TRNP1/TRNP1_exon_promoter_resequencing/downl_genomes/Lipotes_vexillifer GCF_000442215.1_Lipotes_vexillifer_v1_genomic.fna.gz
Odocoileus_virginianus /data/share/htp/TRNP1/TRNP1_exon_promoter_resequencing/downl_genomes/Odocoileus_virginianus GCF_002102435.1_Ovir.te_1.0_genomic.fna.gz
Elephantulus_edwardii /data/share/htp/TRNP1/TRNP1_exon_promoter_resequencing/downl_genomes/Elephantulus_edwardii GCF_000299155.1_EleEdw1.0_genomic.fna.gz
Delphinapterus_leucas /data/share/htp/TRNP1/TRNP1_exon_promoter_resequencing/downl_genomes/Delphinapterus_leucas GCF_002288925.2_ASM228892v3_genomic.fna.gz
Orcinus_orca /data/share/htp/TRNP1/TRNP1_exon_promoter_resequencing/downl_genomes/Orcinus_orca GCF_000331955.2_Oorc_1.1_genomic.fna.gz
Physeter_catodon /data/share/htp/TRNP1/TRNP1_exon_promoter_resequencing/downl_genomes/Physeter_catodon GCF_002837175.2_ASM283717v2_genomic.fna.gz
Castor_canadensis /data/share/htp/TRNP1/TRNP1_exon_promoter_resequencing/downl_genomes/Castor_canadensis GCF_001984765.1_C.can_genome_v1.0_genomic.fna.gz
Zalophus_californianus /data/share/htp/TRNP1/TRNP1_exon_promoter_resequencing/downl_genomes/Zalophus_californianus GCF_009762305.2_mZalCal1.pri.v2_genomic.fna.gz
Erythrocebus_patas /data/share/htp/TRNP1/TRNP1_exon_promoter_resequencing/downl_genomes/Erythrocebus_patas GCA_004027335.1_EryPat_v1_BIUU_genomic.fna.gz
Pan_troglodytes /data/share/htp/TRNP1/TRNP1_exon_promoter_resequencing/downl_genomes/Pan_troglodytes GCF_002880755.1_Clint_PTRv2_genomic.fna.gz
Gorilla_gorilla /data/share/htp/TRNP1/TRNP1_exon_promoter_resequencing/downl_genomes/Gorilla_gorilla GCA_900006655.3_Susie3_genomic.fna.gz
Pongo_abelii /data/share/htp/TRNP1/TRNP1_exon_promoter_resequencing/downl_genomes/Pongo_abelii GCF_002880775.1_Susie_PABv2_genomic.fna.gz
Tursiops_truncatus /data/share/htp/TRNP1/TRNP1_exon_promoter_resequencing/downl_genomes/Tursiops_truncatus Tur_tru_Illumina_dip_v1.fasta
Callithrix_jacchus /data/share/htp/TRNP1/TRNP1_exon_promoter_resequencing/downl_genomes/Callithrix_jacchus Callithrix_jacchus.ASM275486v1.dna.toplevel.fa.gz
Macaca_nemestrina /data/share/htp/TRNP1/TRNP1_exon_promoter_resequencing/downl_genomes/Macaca_nemestrina Macaca_nemestrina.Mnem_1.0.dna.toplevel.fa.gz
Macaca_fascicularis /data/share/htp/TRNP1/TRNP1_exon_promoter_resequencing/downl_genomes/Macaca_fascicularis Macaca_fascicularis.Macaca_fascicularis_5.0.dna.toplevel.fa.gz
Cercocebus_atys /data/share/htp/TRNP1/TRNP1_exon_promoter_resequencing/downl_genomes/Cercocebus_atys Cercocebus_atys.Caty_1.0.dna.toplevel.fa.gz
Cebus_capucinus /data/share/htp/TRNP1/TRNP1_exon_promoter_resequencing/downl_genomes/Cebus_capucinus Cebus_capucinus.Cebus_imitator-1.0.dna.toplevel.fa.gz
Felis_catus /data/share/htp/TRNP1/TRNP1_exon_promoter_resequencing/downl_genomes/Felis_catus Felis_catus.Felis_catus_9.0.dna.toplevel.fa.gz
Mus_caroli /data/share/htp/TRNP1/TRNP1_exon_promoter_resequencing/downl_genomes/Mus_caroli Mus_caroli.CAROLI_EIJ_v1.1.dna.toplevel.fa.gz
Mus_spretus /data/share/htp/TRNP1/TRNP1_exon_promoter_resequencing/downl_genomes/Mus_spretus Mus_spretus.SPRET_EiJ_v1.dna.toplevel.fa.gz
Mus_pahari /data/share/htp/TRNP1/TRNP1_exon_promoter_resequencing/downl_genomes/Mus_pahari Mus_pahari.PAHARI_EIJ_v1.1.dna.toplevel.fa.gz
Propithecus_coquereli /data/share/htp/TRNP1/TRNP1_exon_promoter_resequencing/downl_genomes/Propithecus_coquereli Propithecus_coquereli.Pcoq_1.0.dna.toplevel.fa.gz
Panthera_pardus /data/share/htp/TRNP1/TRNP1_exon_promoter_resequencing/downl_genomes/Panthera_pardus Panthera_pardus.PanPar1.0.dna.toplevel.fa.gz
Otolemur_garnettii /data/share/ngs/genomes/UCSC/Otolemur_garnettii otoGar3.fa
Papio_hamadryas /data/share/ngs/genomes/UCSC/Papio_hamadryas papHam1.fa
Chlorocebus_sabeus /data/share/ngs/genomes/UCSC/Chlorocebus_sabeus chlSab2.fa
Dasypus_novemcinctus /data/share/ngs/genomes/UCSC/Dasypus_novemcinctus dasNov3.fa
Heterocephalus_glaber /data/share/ngs/genomes/UCSC/Heterocephalus_glaber hetGla2.fa
Mus_musculus /data/share/ngs/genomes/UCSC/Mus_musculus mm10.fa
Procavia_capensis /data/share/ngs/genomes/UCSC/Procavia_capensis proCap1.fa
Rattus_norvegicus /data/share/ngs/genomes/UCSC/Rattus_norvegicus rn6.fa
Sus_scrofa /data/share/ngs/genomes/UCSC/Sus_scrofa susScr3.fa
Macaca_mulatta /data/share/ngs/genomes/UCSC/Macaca_mulatta/RheMac8 rheMac8.fa
Microcebus_murinus /data/share/ngs/genomes/UCSC/Microcebus_murinus/micMur2 micMur2.fa
